USE kad;
-- -----------------------------------------------------
-- Populate topics table
-- -----------------------------------------------------

INSERT INTO categories (category_id, category_name) VALUES ('1', 'Hester'),
                                                           ('2', 'Griser'),
                                                           ('3', 'Kameler'),
                                                           ('4', 'Kuer'),
                                                           ('5', 'Høns'),
                                                           ('6', 'Fugler');

-- -----------------------------------------------------
-- Populate topics table
-- -----------------------------------------------------

INSERT INTO topics
  (topic_id, topic_title, topic_createdBy, topic_createdTime, topic_categoryId)
VALUES
  ('1','Test Topic','1','10','1'),
  ('2','New Test Topic','1','300','1'),
  ('3','Gris1 Topic','1','100','2'),
  ('4','Gris2 Topic','1','200','2'),
  ('5','Gris3 Topic','1','3000','2'),
  ('6','Hest1 Topic','1','100','1'),
  ('7','Hest2 Topic','1','200','1'),
  ('8','Hest3 Topic','1','300','1'),
  ('9','Kamel1 Topic','1','100','3'),
  ('10','Kamel2 Topic','1','200','3'),
  ('11','Kamel3 Topic','1','300','3'),  
  ('12','Ku1 Topic','1','100','4'),
  ('13','Ku2 Topic','1','200','4'),
  ('14','Ku3 Topic','1','300','4'),
  ('15','Høne1 Topic','1','100','5'),
  ('16','Høne2 Topic','1','200','5'),
  ('17','Høne3 Topic','1','300','5'),
  ('18','Høne4 Topic','1','400','5'),
  ('19','Høne5 Topic','1','500','5'),
  ('20','Høne6 Topic','1','600','5'), 
  ('21','Høne7 Topic','1','700','5'),
  ('22','Høne8 Topic','1','800','5'),
  ('23','Høne9 Topic','1','900','5'),
  ('24','Høne10 Topic','1','1000','5'),
  ('25','Høne11 Topic','1','1100','5'),
  ('26','Høne12 Topic','1','1200','5'),
  ('27','Hest4 Topic','1','400','1'),
  ('28','Hest5 Topic','1','500','1'),
  ('29','Hest6 Topic','1','600','1'),
  ('30','Hest7 Topic','1','700','1'),
  ('31','Hest8 Topic','1','800','1'),
  ('32','Hest9 Topic','1','900','1'),
  ('33','Hest10 Topic','1','1000','1'),
  ('34','Hest11 Topic','1','1100','1'),
  ('35','Hest12 Topic','1','1200','1'),
  ('36','Hest13 Topic','1','1300','1'),
  ('37','Hest14 Topic','1','1400','1'),
  ('38','Hest15 Topic','1','1500','1');

-- -----------------------------------------------------
-- Populate posts table
-- -----------------------------------------------------

INSERT INTO posts
  (post_id, post_createdBy, post_createdTime, post_lastEditedBy, post_lastEditedTime, post_content)
VALUES
  ('1','admin','10','admin','1000','This is a testpost 1!'),
  ('2','admin','15','admin','100015','This is a testpost 2!'),
  ('3','admin','30','admin','1000215','This is a testpost 3!'),
  ('4','admin','50','admin','1000415','This is a testpost 4!'),
  ('5','admin','60','admin','1000615','This is a testpost 5!'),
  ('6','admin','80','admin','1000715','This is a testpost 6!'),
  ('7','admin','90','admin','1000815','This is a testpost 7!'),
  ('8','admin','100','admin','1000915','This is a testpost 8!'),
  ('9','admin','200','admin','1100025','This is a testpost 9!'),
  ('10','admin','300','admin','12213123','This is another testpost'),
  ('11','admin','400','admin','450','This is another testpost');
  
INSERT INTO posts
  (post_id, post_createdBy, post_createdTime, post_content)
VALUES
  ('12', 'admin', '1000', 'Hest 1'),
  ('13', 'admin', '1000', 'Hest 2'),
  ('14', 'admin', '1000', 'Hest 3'),
  ('15', 'admin', '1000', 'Hest 4'),
  ('16', 'admin', '1000', 'Hest 5'),
  ('17', 'admin', '1000', 'Hest 6'),
  ('18', 'admin', '1000', 'Hest 7'),
  ('19', 'admin', '1000', 'Hest 8'),
  ('20', 'admin', '1000', 'Hest 9'),
  ('21', 'admin', '1000', 'Hest 10'),
  ('22', 'admin', '1000', 'Hest 10'),
  ('23', 'admin', '1000', 'Hest 10'),
  ('24', 'admin', '1000', 'Hest 10'),
  ('25', 'admin', '1000', 'Hest 10'),
  ('26', 'admin', '1000', 'Hest 10'),
  ('27', 'admin', '1000', 'Hest 10'),
  ('28', 'admin', '1000', 'Hest 10'),
  ('29', 'admin', '1000', 'Hest 10'),
  ('30', 'admin', '1000', 'Hest 10'),
  ('31', 'admin', '1000', 'Hest 10'),
  ('32', 'admin', '1000', 'Hest 10'),
  ('33', 'admin', '1000', 'Hest 10'),
  ('34', 'admin', '1000', 'Hest 10'),
  ('35', 'admin', '1000', 'Hest 10'),
  ('36', 'admin', '1000', 'Hest 10'),
  ('37', 'admin', '1000', 'Hest 10'),
  ('38', 'admin', '1000', 'Hest 10'),
  ('39', 'admin', '1000', 'Hest 10'),
  ('40', 'admin', '1000', 'Hest 10'),
  ('41', 'admin', '1000', 'Hest 10'),
  ('42', 'admin', '1000', 'Hest 10'),
  ('43', 'admin', '1000', 'Hest 10'),
  ('44', 'admin', '1000', 'Hest 10'),
  ('45', 'admin', '1000', 'Hest 10'),
  ('46', 'admin', '1000', 'Hest 10'),
  ('47', 'admin', '1000', 'Hest 10'),
  ('48', 'admin', '1000', 'Hest 10'),
  ('49', 'admin', '1000', 'Hest 10');

-- -----------------------------------------------------
-- Populate postInTopic table
-- -----------------------------------------------------

INSERT INTO postInTopic
  (postInTopic_postId, postInTopic_topicId, postInTopic_postNumberInTopic)
VALUES
  ('1','1','1'),
  ('2','1','2'),
  ('3','1','3'),
  ('4','1','4'),
  ('5','1','5'),
  ('6','1','20'),
  ('7','1','7'),
  ('8','1','8'),
  ('9','1','9'),
  ('10','2','1'),
  ('11','1','11'),
  ('12','6','1'),
  ('13','6','2'),
  ('14','6','3'),
  ('15','6','4'),
  ('16','6','6'),
  ('17','6','9'),
  ('18','6','10'),
  ('19','6','11'),
  ('20','6','12'),
  ('21','6','13'),
  ('22','3','1'),
  ('23','4','1'),
  ('24','5','1'),
  ('25','7','1'),
  ('26','8','1'),
  ('27','9','1'),
  ('28','10','1'),
  ('29','11','1'),
  ('30','12','1'),
  ('31','13','1'),
  ('32','14','1'),
  ('33','15','1'),
  ('34','16','1'),
  ('35','17','1'),
  ('36','18','1'),
  ('37','19','1'),
  ('38','20','1'),
  ('39','21','1'),
  ('40','22','1'),
  ('41','23','1'),
  ('42','24','1'),
  ('43','25','1'),
  ('44','26','1'),
  ('45','27','1'),
  ('46','28','1'),
  ('47','29','1'),
  ('48','30','1'),
  ('49','31','1');

